Region,Month of Period End,Measure Names,Measure Values
"Philadelphia, PA metro area",September 2022,Average Sale To List YoY ,-0.011831829
"Philadelphia, PA metro area",August 2022,Average Sale To List YoY ,-0.009419391
"Philadelphia, PA metro area",July 2022,Average Sale To List YoY ,-0.005957232
"Philadelphia, PA metro area",June 2022,Average Sale To List YoY ,0.001462702
"Philadelphia, PA metro area",May 2022,Average Sale To List YoY ,0.005101389
"Philadelphia, PA metro area",April 2022,Average Sale To List YoY ,0.005918959
"Philadelphia, PA metro area",March 2022,Average Sale To List YoY ,0.004524708
"Philadelphia, PA metro area",February 2022,Average Sale To List YoY ,0.004687175
"Philadelphia, PA metro area",January 2022,Average Sale To List YoY ,0.003284640
"Philadelphia, PA metro area",December 2021,Average Sale To List YoY ,0.004945992
"Philadelphia, PA metro area",November 2021,Average Sale To List YoY ,0.002357219
"Philadelphia, PA metro area",October 2021,Average Sale To List YoY ,0.003549220
"Philadelphia, PA metro area",September 2021,Average Sale To List YoY ,0.010639191
"Philadelphia, PA metro area",August 2021,Average Sale To List YoY ,0.013701408
"Philadelphia, PA metro area",July 2021,Average Sale To List YoY ,0.022292846
"Philadelphia, PA metro area",June 2021,Average Sale To List YoY ,0.026663108
"Philadelphia, PA metro area",May 2021,Average Sale To List YoY ,0.029534370
"Philadelphia, PA metro area",April 2021,Average Sale To List YoY ,0.013255224
"Philadelphia, PA metro area",March 2021,Average Sale To List YoY ,0.015803647
"Philadelphia, PA metro area",February 2021,Average Sale To List YoY ,0.014379157
"Philadelphia, PA metro area",January 2021,Average Sale To List YoY ,0.014639546
"Philadelphia, PA metro area",December 2020,Average Sale To List YoY ,0.019268695
"Philadelphia, PA metro area",November 2020,Average Sale To List YoY ,0.018125136
"Philadelphia, PA metro area",October 2020,Average Sale To List YoY ,0.014080031
"Philadelphia, PA metro area",September 2020,Average Sale To List YoY ,0.013618466
"Philadelphia, PA metro area",August 2020,Average Sale To List YoY ,0.013591637
"Philadelphia, PA metro area",July 2020,Average Sale To List YoY ,0.005859700
"Philadelphia, PA metro area",June 2020,Average Sale To List YoY ,-0.003756229
"Philadelphia, PA metro area",May 2020,Average Sale To List YoY ,-0.005179869
"Philadelphia, PA metro area",April 2020,Average Sale To List YoY ,0.004369918
"Philadelphia, PA metro area",March 2020,Average Sale To List YoY ,0.003829590
"Philadelphia, PA metro area",February 2020,Average Sale To List YoY ,0.003264705
"Philadelphia, PA metro area",September 2022,Average Sale To List MoM ,-0.003534121
"Philadelphia, PA metro area",August 2022,Average Sale To List MoM ,-0.005446451
"Philadelphia, PA metro area",July 2022,Average Sale To List MoM ,-0.003971701
"Philadelphia, PA metro area",June 2022,Average Sale To List MoM ,-0.003433611
"Philadelphia, PA metro area",May 2022,Average Sale To List MoM ,0.002055611
"Philadelphia, PA metro area",April 2022,Average Sale To List MoM ,0.000496414
"Philadelphia, PA metro area",March 2022,Average Sale To List MoM ,0.002326884
"Philadelphia, PA metro area",February 2022,Average Sale To List MoM ,0.002096123
"Philadelphia, PA metro area",January 2022,Average Sale To List MoM ,-0.002383991
"Philadelphia, PA metro area",December 2021,Average Sale To List MoM ,0.000301063
"Philadelphia, PA metro area",November 2021,Average Sale To List MoM ,0.002881160
"Philadelphia, PA metro area",October 2021,Average Sale To List MoM ,-0.003219208
"Philadelphia, PA metro area",September 2021,Average Sale To List MoM ,-0.001121683
"Philadelphia, PA metro area",August 2021,Average Sale To List MoM ,-0.001984292
"Philadelphia, PA metro area",July 2021,Average Sale To List MoM ,0.003448233
"Philadelphia, PA metro area",June 2021,Average Sale To List MoM ,0.000205077
"Philadelphia, PA metro area",May 2021,Average Sale To List MoM ,0.002873181
"Philadelphia, PA metro area",April 2021,Average Sale To List MoM ,-0.000897837
"Philadelphia, PA metro area",March 2021,Average Sale To List MoM ,0.002489351
"Philadelphia, PA metro area",February 2021,Average Sale To List MoM ,0.000693588
"Philadelphia, PA metro area",January 2021,Average Sale To List MoM ,-0.000722640
"Philadelphia, PA metro area",December 2020,Average Sale To List MoM ,-0.002287710
"Philadelphia, PA metro area",November 2020,Average Sale To List MoM ,0.004073160
"Philadelphia, PA metro area",October 2020,Average Sale To List MoM ,0.003870764
"Philadelphia, PA metro area",September 2020,Average Sale To List MoM ,0.001940534
"Philadelphia, PA metro area",August 2020,Average Sale To List MoM ,0.006607145
"Philadelphia, PA metro area",July 2020,Average Sale To List MoM ,0.007818496
"Philadelphia, PA metro area",June 2020,Average Sale To List MoM ,0.003076338
"Philadelphia, PA metro area",May 2020,Average Sale To List MoM ,-0.013405965
"Philadelphia, PA metro area",April 2020,Average Sale To List MoM ,0.001650586
"Philadelphia, PA metro area",March 2020,Average Sale To List MoM ,0.001064861
"Philadelphia, PA metro area",February 2020,Average Sale To List MoM ,0.000953977
"Philadelphia, PA metro area",September 2022,Average Sale To List,0.979708541
"Philadelphia, PA metro area",August 2022,Average Sale To List,0.983242661
"Philadelphia, PA metro area",July 2022,Average Sale To List,0.988689113
"Philadelphia, PA metro area",June 2022,Average Sale To List,0.992660814
"Philadelphia, PA metro area",May 2022,Average Sale To List,0.996094425
"Philadelphia, PA metro area",April 2022,Average Sale To List,0.994038814
"Philadelphia, PA metro area",March 2022,Average Sale To List,0.993542400
"Philadelphia, PA metro area",February 2022,Average Sale To List,0.991215516
"Philadelphia, PA metro area",January 2022,Average Sale To List,0.989119393
"Philadelphia, PA metro area",December 2021,Average Sale To List,0.991503385
"Philadelphia, PA metro area",November 2021,Average Sale To List,0.991202322
"Philadelphia, PA metro area",October 2021,Average Sale To List,0.988321162
"Philadelphia, PA metro area",September 2021,Average Sale To List,0.991540370
"Philadelphia, PA metro area",August 2021,Average Sale To List,0.992662053
"Philadelphia, PA metro area",July 2021,Average Sale To List,0.994646345
"Philadelphia, PA metro area",June 2021,Average Sale To List,0.991198112
"Philadelphia, PA metro area",May 2021,Average Sale To List,0.990993035
"Philadelphia, PA metro area",April 2021,Average Sale To List,0.988119854
"Philadelphia, PA metro area",March 2021,Average Sale To List,0.989017692
"Philadelphia, PA metro area",February 2021,Average Sale To List,0.986528341
"Philadelphia, PA metro area",January 2021,Average Sale To List,0.985834753
"Philadelphia, PA metro area",December 2020,Average Sale To List,0.986557392
"Philadelphia, PA metro area",November 2020,Average Sale To List,0.988845102
"Philadelphia, PA metro area",October 2020,Average Sale To List,0.984771942
"Philadelphia, PA metro area",September 2020,Average Sale To List,0.980901179
"Philadelphia, PA metro area",August 2020,Average Sale To List,0.978960644
"Philadelphia, PA metro area",July 2020,Average Sale To List,0.972353500
"Philadelphia, PA metro area",June 2020,Average Sale To List,0.964535004
"Philadelphia, PA metro area",May 2020,Average Sale To List,0.961458666
"Philadelphia, PA metro area",April 2020,Average Sale To List,0.974864631
"Philadelphia, PA metro area",March 2020,Average Sale To List,0.973214045
"Philadelphia, PA metro area",February 2020,Average Sale To List,0.972149184
"Philadelphia, PA metro area",September 2022,Days on Market YoY,6
"Philadelphia, PA metro area",August 2022,Days on Market YoY,4
"Philadelphia, PA metro area",July 2022,Days on Market YoY,5
"Philadelphia, PA metro area",June 2022,Days on Market YoY,3
"Philadelphia, PA metro area",May 2022,Days on Market YoY,0
"Philadelphia, PA metro area",April 2022,Days on Market YoY,-3
"Philadelphia, PA metro area",March 2022,Days on Market YoY,-3
"Philadelphia, PA metro area",February 2022,Days on Market YoY,4
"Philadelphia, PA metro area",January 2022,Days on Market YoY,4
"Philadelphia, PA metro area",December 2021,Days on Market YoY,4
"Philadelphia, PA metro area",November 2021,Days on Market YoY,3
"Philadelphia, PA metro area",October 2021,Days on Market YoY,2
"Philadelphia, PA metro area",September 2021,Days on Market YoY,-1
"Philadelphia, PA metro area",August 2021,Days on Market YoY,-8
"Philadelphia, PA metro area",July 2021,Days on Market YoY,-16
"Philadelphia, PA metro area",June 2021,Days on Market YoY,-24
"Philadelphia, PA metro area",May 2021,Days on Market YoY,-17
"Philadelphia, PA metro area",April 2021,Days on Market YoY,-7
"Philadelphia, PA metro area",March 2021,Days on Market YoY,-4
"Philadelphia, PA metro area",February 2021,Days on Market YoY,-12
"Philadelphia, PA metro area",January 2021,Days on Market YoY,-11
"Philadelphia, PA metro area",December 2020,Days on Market YoY,-8
"Philadelphia, PA metro area",November 2020,Days on Market YoY,-8
"Philadelphia, PA metro area",October 2020,Days on Market YoY,-6
"Philadelphia, PA metro area",September 2020,Days on Market YoY,-6
"Philadelphia, PA metro area",August 2020,Days on Market YoY,-5
"Philadelphia, PA metro area",July 2020,Days on Market YoY,0
"Philadelphia, PA metro area",June 2020,Days on Market YoY,8
"Philadelphia, PA metro area",May 2020,Days on Market YoY,5
"Philadelphia, PA metro area",April 2020,Days on Market YoY,-2
"Philadelphia, PA metro area",March 2020,Days on Market YoY,-4
"Philadelphia, PA metro area",February 2020,Days on Market YoY,4
"Philadelphia, PA metro area",September 2022,Days on Market MoM,4
"Philadelphia, PA metro area",August 2022,Days on Market MoM,0
"Philadelphia, PA metro area",July 2022,Days on Market MoM,2
"Philadelphia, PA metro area",June 2022,Days on Market MoM,1
"Philadelphia, PA metro area",May 2022,Days on Market MoM,0
"Philadelphia, PA metro area",April 2022,Days on Market MoM,0
"Philadelphia, PA metro area",March 2022,Days on Market MoM,-4
"Philadelphia, PA metro area",February 2022,Days on Market MoM,0
"Philadelphia, PA metro area",January 2022,Days on Market MoM,-1
"Philadelphia, PA metro area",December 2021,Days on Market MoM,1
"Philadelphia, PA metro area",November 2021,Days on Market MoM,0
"Philadelphia, PA metro area",October 2021,Days on Market MoM,2
"Philadelphia, PA metro area",September 2021,Days on Market MoM,2
"Philadelphia, PA metro area",August 2021,Days on Market MoM,2
"Philadelphia, PA metro area",July 2021,Days on Market MoM,1
"Philadelphia, PA metro area",June 2021,Days on Market MoM,-3
"Philadelphia, PA metro area",May 2021,Days on Market MoM,-2
"Philadelphia, PA metro area",April 2021,Days on Market MoM,0
"Philadelphia, PA metro area",March 2021,Days on Market MoM,4
"Philadelphia, PA metro area",February 2021,Days on Market MoM,0
"Philadelphia, PA metro area",January 2021,Days on Market MoM,-1
"Philadelphia, PA metro area",December 2020,Days on Market MoM,0
"Philadelphia, PA metro area",November 2020,Days on Market MoM,-2
"Philadelphia, PA metro area",October 2020,Days on Market MoM,0
"Philadelphia, PA metro area",September 2020,Days on Market MoM,-5
"Philadelphia, PA metro area",August 2020,Days on Market MoM,-6
"Philadelphia, PA metro area",July 2020,Days on Market MoM,-7
"Philadelphia, PA metro area",June 2020,Days on Market MoM,4
"Philadelphia, PA metro area",May 2020,Days on Market MoM,8
"Philadelphia, PA metro area",April 2020,Days on Market MoM,3
"Philadelphia, PA metro area",March 2020,Days on Market MoM,-4
"Philadelphia, PA metro area",February 2020,Days on Market MoM,0
"Philadelphia, PA metro area",September 2022,Days on Market,40.429694776
"Philadelphia, PA metro area",August 2022,Days on Market,36.136971990
"Philadelphia, PA metro area",July 2022,Days on Market,36.041493482
"Philadelphia, PA metro area",June 2022,Days on Market,33.642386737
"Philadelphia, PA metro area",May 2022,Days on Market,32.653933972
"Philadelphia, PA metro area",April 2022,Days on Market,32.691355371
"Philadelphia, PA metro area",March 2022,Days on Market,32.420687231
"Philadelphia, PA metro area",February 2022,Days on Market,36.189553238
"Philadelphia, PA metro area",January 2022,Days on Market,36.497055383
"Philadelphia, PA metro area",December 2021,Days on Market,37.139323669
"Philadelphia, PA metro area",November 2021,Days on Market,36.428089239
"Philadelphia, PA metro area",October 2021,Days on Market,36.731097169
"Philadelphia, PA metro area",September 2021,Days on Market,34.280170489
"Philadelphia, PA metro area",August 2021,Days on Market,32.635788804
"Philadelphia, PA metro area",July 2021,Days on Market,31.076599306
"Philadelphia, PA metro area",June 2021,Days on Market,30.445469384
"Philadelphia, PA metro area",May 2021,Days on Market,33.009352044
"Philadelphia, PA metro area",April 2021,Days on Market,35.228972441
"Philadelphia, PA metro area",March 2021,Days on Market,35.384398403
"Philadelphia, PA metro area",February 2021,Days on Market,31.784215841
"Philadelphia, PA metro area",January 2021,Days on Market,32.174634680
"Philadelphia, PA metro area",December 2020,Days on Market,33.321063035
"Philadelphia, PA metro area",November 2020,Days on Market,33.401135962
"Philadelphia, PA metro area",October 2020,Days on Market,35.141230089
"Philadelphia, PA metro area",September 2020,Days on Market,35.459641030
"Philadelphia, PA metro area",August 2020,Days on Market,40.503315483
"Philadelphia, PA metro area",July 2020,Days on Market,46.960167922
"Philadelphia, PA metro area",June 2020,Days on Market,54.008922411
"Philadelphia, PA metro area",May 2020,Days on Market,49.891595863
"Philadelphia, PA metro area",April 2020,Days on Market,42.180439835
"Philadelphia, PA metro area",March 2020,Days on Market,39.037178091
"Philadelphia, PA metro area",February 2020,Days on Market,43.425048376
"Philadelphia, PA metro area",September 2022, Inventory YoY ,-0.066240570
"Philadelphia, PA metro area",August 2022, Inventory YoY ,0.002546388
"Philadelphia, PA metro area",July 2022, Inventory YoY ,0.029582802
"Philadelphia, PA metro area",June 2022, Inventory YoY ,0.093720052
"Philadelphia, PA metro area",May 2022, Inventory YoY ,0.043741090
"Philadelphia, PA metro area",April 2022, Inventory YoY ,0.027543198
"Philadelphia, PA metro area",March 2022, Inventory YoY ,0.006126333
"Philadelphia, PA metro area",February 2022, Inventory YoY ,-0.006951028
"Philadelphia, PA metro area",January 2022, Inventory YoY ,-0.051377165
"Philadelphia, PA metro area",December 2021, Inventory YoY ,-0.023970250
"Philadelphia, PA metro area",November 2021, Inventory YoY ,-0.026175566
"Philadelphia, PA metro area",October 2021, Inventory YoY ,-0.002400447
"Philadelphia, PA metro area",September 2021, Inventory YoY ,0.021195187
"Philadelphia, PA metro area",August 2021, Inventory YoY ,-0.003874334
"Philadelphia, PA metro area",July 2021, Inventory YoY ,0.005895552
"Philadelphia, PA metro area",June 2021, Inventory YoY ,-0.079487495
"Philadelphia, PA metro area",May 2021, Inventory YoY ,-0.075856082
"Philadelphia, PA metro area",April 2021, Inventory YoY ,-0.011324791
"Philadelphia, PA metro area",March 2021, Inventory YoY ,-0.132964125
"Philadelphia, PA metro area",February 2021, Inventory YoY ,-0.161413073
"Philadelphia, PA metro area",January 2021, Inventory YoY ,-0.092663930
"Philadelphia, PA metro area",December 2020, Inventory YoY ,-0.070283098
"Philadelphia, PA metro area",November 2020, Inventory YoY ,-0.077445122
"Philadelphia, PA metro area",October 2020, Inventory YoY ,-0.096396846
"Philadelphia, PA metro area",September 2020, Inventory YoY ,-0.093087099
"Philadelphia, PA metro area",August 2020, Inventory YoY ,-0.075817760
"Philadelphia, PA metro area",July 2020, Inventory YoY ,-0.116487937
"Philadelphia, PA metro area",June 2020, Inventory YoY ,-0.158869767
"Philadelphia, PA metro area",May 2020, Inventory YoY ,-0.185242191
"Philadelphia, PA metro area",April 2020, Inventory YoY ,-0.211866280
"Philadelphia, PA metro area",March 2020, Inventory YoY ,-0.106790468
"Philadelphia, PA metro area",February 2020, Inventory YoY ,-0.042051083
"Philadelphia, PA metro area",September 2022,Inventory MoM ,-0.052732969
"Philadelphia, PA metro area",August 2022,Inventory MoM ,-0.021019245
"Philadelphia, PA metro area",July 2022,Inventory MoM ,0.002414285
"Philadelphia, PA metro area",June 2022,Inventory MoM ,0.048733287
"Philadelphia, PA metro area",May 2022,Inventory MoM ,-0.005526825
"Philadelphia, PA metro area",April 2022,Inventory MoM ,0.014783535
"Philadelphia, PA metro area",March 2022,Inventory MoM ,-0.016653318
"Philadelphia, PA metro area",February 2022,Inventory MoM ,-0.017484042
"Philadelphia, PA metro area",January 2022,Inventory MoM ,-0.017852298
"Philadelphia, PA metro area",December 2021,Inventory MoM ,-0.001209299
"Philadelphia, PA metro area",November 2021,Inventory MoM ,-0.007343096
"Philadelphia, PA metro area",October 2021,Inventory MoM ,0.008818195
"Philadelphia, PA metro area",September 2021,Inventory MoM ,0.017049049
"Philadelphia, PA metro area",August 2021,Inventory MoM ,0.005381657
"Philadelphia, PA metro area",July 2021,Inventory MoM ,0.064859088
"Philadelphia, PA metro area",June 2021,Inventory MoM ,0.000810054
"Philadelphia, PA metro area",May 2021,Inventory MoM ,-0.020960124
"Philadelphia, PA metro area",April 2021,Inventory MoM ,-0.006367383
"Philadelphia, PA metro area",March 2021,Inventory MoM ,-0.029434595
"Philadelphia, PA metro area",February 2021,Inventory MoM ,-0.061438963
"Philadelphia, PA metro area",January 2021,Inventory MoM ,0.010523193
"Philadelphia, PA metro area",December 2020,Inventory MoM ,-0.003466042
"Philadelphia, PA metro area",November 2020,Inventory MoM ,0.016891802
"Philadelphia, PA metro area",October 2020,Inventory MoM ,0.032679177
"Philadelphia, PA metro area",September 2020,Inventory MoM ,-0.007918687
"Philadelphia, PA metro area",August 2020,Inventory MoM ,0.015242325
"Philadelphia, PA metro area",July 2020,Inventory MoM ,-0.025528938
"Philadelphia, PA metro area",June 2020,Inventory MoM ,0.004758240
"Philadelphia, PA metro area",May 2020,Inventory MoM ,0.047404451
"Philadelphia, PA metro area",April 2020,Inventory MoM ,-0.128616640
"Philadelphia, PA metro area",March 2020,Inventory MoM ,-0.061280526
"Philadelphia, PA metro area",February 2020,Inventory MoM ,0.015506272
"Philadelphia, PA metro area",September 2022,Inventory,5312.957262765
"Philadelphia, PA metro area",August 2022,Inventory,5608.721817692
"Philadelphia, PA metro area",July 2022,Inventory,5729.144099644
"Philadelphia, PA metro area",June 2022,Inventory,5715.345628387
"Philadelphia, PA metro area",May 2022,Inventory,5449.760870461
"Philadelphia, PA metro area",April 2022,Inventory,5480.048135592
"Philadelphia, PA metro area",March 2022,Inventory,5400.213883661
"Philadelphia, PA metro area",February 2022,Inventory,5491.668381424
"Philadelphia, PA metro area",January 2022,Inventory,5589.393571696
"Philadelphia, PA metro area",December 2021,Inventory,5690.990835349
"Philadelphia, PA metro area",November 2021,Inventory,5697.881276472
"Philadelphia, PA metro area",October 2021,Inventory,5740.030874462
"Philadelphia, PA metro area",September 2021,Inventory,5689.856608447
"Philadelphia, PA metro area",August 2021,Inventory,5594.476109246
"Philadelphia, PA metro area",July 2021,Inventory,5564.529719826
"Philadelphia, PA metro area",June 2021,Inventory,5225.601943253
"Philadelphia, PA metro area",May 2021,Inventory,5221.372350722
"Philadelphia, PA metro area",April 2021,Inventory,5333.155962299
"Philadelphia, PA metro area",March 2021,Inventory,5367.331820142
"Philadelphia, PA metro area",February 2021,Inventory,5530.108317022
"Philadelphia, PA metro area",January 2021,Inventory,5892.113670872
"Philadelphia, PA metro area",December 2020,Inventory,5830.755505171
"Philadelphia, PA metro area",November 2020,Inventory,5851.035442006
"Philadelphia, PA metro area",October 2020,Inventory,5753.842671173
"Philadelphia, PA metro area",September 2020,Inventory,5571.762070186
"Philadelphia, PA metro area",August 2020,Inventory,5616.235281801
"Philadelphia, PA metro area",July 2020,Inventory,5531.916020586
"Philadelphia, PA metro area",June 2020,Inventory,5676.839712102
"Philadelphia, PA metro area",May 2020,Inventory,5649.955863758
"Philadelphia, PA metro area",April 2020,Inventory,5394.244656171
"Philadelphia, PA metro area",March 2020,Inventory,6190.437991048
"Philadelphia, PA metro area",February 2020,Inventory,6594.555843613
"Philadelphia, PA metro area",September 2022,New Listings YoY ,-0.192279919
"Philadelphia, PA metro area",August 2022,New Listings YoY ,-0.183557256
"Philadelphia, PA metro area",July 2022,New Listings YoY ,-0.156419439
"Philadelphia, PA metro area",June 2022,New Listings YoY ,-0.049949459
"Philadelphia, PA metro area",May 2022,New Listings YoY ,-0.097588246
"Philadelphia, PA metro area",April 2022,New Listings YoY ,-0.046793080
"Philadelphia, PA metro area",March 2022,New Listings YoY ,-0.028011435
"Philadelphia, PA metro area",February 2022,New Listings YoY ,0.166102875
"Philadelphia, PA metro area",January 2022,New Listings YoY ,-0.043127876
"Philadelphia, PA metro area",December 2021,New Listings YoY ,-0.006881908
"Philadelphia, PA metro area",November 2021,New Listings YoY ,-0.011168223
"Philadelphia, PA metro area",October 2021,New Listings YoY ,-0.058811721
"Philadelphia, PA metro area",September 2021,New Listings YoY ,-0.016012266
"Philadelphia, PA metro area",August 2021,New Listings YoY ,-0.059047789
"Philadelphia, PA metro area",July 2021,New Listings YoY ,0.001628279
"Philadelphia, PA metro area",June 2021,New Listings YoY ,0.097870118
"Philadelphia, PA metro area",May 2021,New Listings YoY ,0.644231916
"Philadelphia, PA metro area",April 2021,New Listings YoY ,7.061852404
"Philadelphia, PA metro area",March 2021,New Listings YoY ,0.416917025
"Philadelphia, PA metro area",February 2021,New Listings YoY ,-0.108584615
"Philadelphia, PA metro area",January 2021,New Listings YoY ,0.047683592
"Philadelphia, PA metro area",December 2020,New Listings YoY ,0.100799013
"Philadelphia, PA metro area",November 2020,New Listings YoY ,0.104212284
"Philadelphia, PA metro area",October 2020,New Listings YoY ,0.166372287
"Philadelphia, PA metro area",September 2020,New Listings YoY ,0.090485177
"Philadelphia, PA metro area",August 2020,New Listings YoY ,0.245828563
"Philadelphia, PA metro area",July 2020,New Listings YoY ,0.201910523
"Philadelphia, PA metro area",June 2020,New Listings YoY ,0.013504337
"Philadelphia, PA metro area",May 2020,New Listings YoY ,-0.362265990
"Philadelphia, PA metro area",April 2020,New Listings YoY ,-0.867684673
"Philadelphia, PA metro area",March 2020,New Listings YoY ,-0.244647098
"Philadelphia, PA metro area",February 2020,New Listings YoY ,0.035944337
"Philadelphia, PA metro area",September 2022,New Listings MoM ,-0.014073032
"Philadelphia, PA metro area",August 2022,New Listings MoM ,-0.050867088
"Philadelphia, PA metro area",July 2022,New Listings MoM ,-0.086362000
"Philadelphia, PA metro area",June 2022,New Listings MoM ,0.060473950
"Philadelphia, PA metro area",May 2022,New Listings MoM ,-0.042080210
"Philadelphia, PA metro area",April 2022,New Listings MoM ,-0.013472281
"Philadelphia, PA metro area",March 2022,New Listings MoM ,-0.002142370
"Philadelphia, PA metro area",February 2022,New Listings MoM ,0.013941629
"Philadelphia, PA metro area",January 2022,New Listings MoM ,-0.037551905
"Philadelphia, PA metro area",December 2021,New Listings MoM ,-0.021460146
"Philadelphia, PA metro area",November 2021,New Listings MoM ,0.004417053
"Philadelphia, PA metro area",October 2021,New Listings MoM ,-0.015025350
"Philadelphia, PA metro area",September 2021,New Listings MoM ,-0.003425892
"Philadelphia, PA metro area",August 2021,New Listings MoM ,-0.019318770
"Philadelphia, PA metro area",July 2021,New Listings MoM ,0.028950069
"Philadelphia, PA metro area",June 2021,New Listings MoM ,0.007298155
"Philadelphia, PA metro area",May 2021,New Listings MoM ,0.011839405
"Philadelphia, PA metro area",April 2021,New Listings MoM ,0.005965906
"Philadelphia, PA metro area",March 2021,New Listings MoM ,0.197138209
"Philadelphia, PA metro area",February 2021,New Listings MoM ,-0.167987233
"Philadelphia, PA metro area",January 2021,New Listings MoM ,-0.001094721
"Philadelphia, PA metro area",December 2020,New Listings MoM ,-0.025683541
"Philadelphia, PA metro area",November 2020,New Listings MoM ,-0.043977368
"Philadelphia, PA metro area",October 2020,New Listings MoM ,0.029765240
"Philadelphia, PA metro area",September 2020,New Listings MoM ,-0.047011890
"Philadelphia, PA metro area",August 2020,New Listings MoM ,0.043919172
"Philadelphia, PA metro area",July 2020,New Listings MoM ,0.127817133
"Philadelphia, PA metro area",June 2020,New Listings MoM ,0.508586261
"Philadelphia, PA metro area",May 2020,New Listings MoM ,3.961161417
"Philadelphia, PA metro area",April 2020,New Listings MoM ,-0.823195694
"Philadelphia, PA metro area",March 2020,New Listings MoM ,-0.246852569
"Philadelphia, PA metro area",February 2020,New Listings MoM ,-0.022132511
"Philadelphia, PA metro area",September 2022,New Listings,2376.094489507
"Philadelphia, PA metro area",August 2022,New Listings,2410.010645325
"Philadelphia, PA metro area",July 2022,New Listings,2539.170872572
"Philadelphia, PA metro area",June 2022,New Listings,2779.187020914
"Philadelphia, PA metro area",May 2022,New Listings,2620.702772117
"Philadelphia, PA metro area",April 2022,New Listings,2735.826944274
"Philadelphia, PA metro area",March 2022,New Listings,2773.188112817
"Philadelphia, PA metro area",February 2022,New Listings,2779.142064659
"Philadelphia, PA metro area",January 2022,New Listings,2740.929049397
"Philadelphia, PA metro area",December 2021,New Listings,2847.872070210
"Philadelphia, PA metro area",November 2021,New Listings,2910.328137451
"Philadelphia, PA metro area",October 2021,New Listings,2897.529594771
"Philadelphia, PA metro area",September 2021,New Listings,2941.730118948
"Philadelphia, PA metro area",August 2021,New Listings,2951.842812170
"Philadelphia, PA metro area",July 2021,New Listings,3009.992158369
"Philadelphia, PA metro area",June 2021,New Listings,2925.304393662
"Philadelphia, PA metro area",May 2021,New Listings,2904.109749627
"Philadelphia, PA metro area",April 2021,New Listings,2870.129127197
"Philadelphia, PA metro area",March 2021,New Listings,2853.107753889
"Philadelphia, PA metro area",February 2021,New Listings,2383.273487208
"Philadelphia, PA metro area",January 2021,New Listings,2864.467447216
"Philadelphia, PA metro area",December 2020,New Listings,2867.606676974
"Philadelphia, PA metro area",November 2020,New Listings,2943.198434143
"Philadelphia, PA metro area",October 2020,New Listings,3078.586568890
"Philadelphia, PA metro area",September 2020,New Listings,2989.600396503
"Philadelphia, PA metro area",August 2020,New Listings,3137.080478513
"Philadelphia, PA metro area",July 2020,New Listings,3005.099018715
"Philadelphia, PA metro area",June 2020,New Listings,2664.526838508
"Philadelphia, PA metro area",May 2020,New Listings,1766.240954661
"Philadelphia, PA metro area",April 2020,New Listings,356.013603743
"Philadelphia, PA metro area",March 2020,New Listings,2013.602563704
"Philadelphia, PA metro area",February 2020,New Listings,2673.583524962
"Philadelphia, PA metro area",September 2022,Homes Sold YoY ,-0.213618624
"Philadelphia, PA metro area",August 2022,Homes Sold YoY ,-0.163445375
"Philadelphia, PA metro area",July 2022,Homes Sold YoY ,-0.155358895
"Philadelphia, PA metro area",June 2022,Homes Sold YoY ,-0.147142095
"Philadelphia, PA metro area",May 2022,Homes Sold YoY ,-0.013409573
"Philadelphia, PA metro area",April 2022,Homes Sold YoY ,-0.013182640
"Philadelphia, PA metro area",March 2022,Homes Sold YoY ,0.077443142
"Philadelphia, PA metro area",February 2022,Homes Sold YoY ,0.034694201
"Philadelphia, PA metro area",January 2022,Homes Sold YoY ,0.081436767
"Philadelphia, PA metro area",December 2021,Homes Sold YoY ,0.020502851
"Philadelphia, PA metro area",November 2021,Homes Sold YoY ,0.023206507
"Philadelphia, PA metro area",October 2021,Homes Sold YoY ,-0.055987188
"Philadelphia, PA metro area",September 2021,Homes Sold YoY ,-0.062468240
"Philadelphia, PA metro area",August 2021,Homes Sold YoY ,-0.003505887
"Philadelphia, PA metro area",July 2021,Homes Sold YoY ,0.131388762
"Philadelphia, PA metro area",June 2021,Homes Sold YoY ,1.052969343
"Philadelphia, PA metro area",May 2021,Homes Sold YoY ,1.291199639
"Philadelphia, PA metro area",April 2021,Homes Sold YoY ,0.668501627
"Philadelphia, PA metro area",March 2021,Homes Sold YoY ,0.204708623
"Philadelphia, PA metro area",February 2021,Homes Sold YoY ,0.102028114
"Philadelphia, PA metro area",January 2021,Homes Sold YoY ,0.194772563
"Philadelphia, PA metro area",December 2020,Homes Sold YoY ,0.103764863
"Philadelphia, PA metro area",November 2020,Homes Sold YoY ,0.217445061
"Philadelphia, PA metro area",October 2020,Homes Sold YoY ,0.292370635
"Philadelphia, PA metro area",September 2020,Homes Sold YoY ,0.245686567
"Philadelphia, PA metro area",August 2020,Homes Sold YoY ,0.168215734
"Philadelphia, PA metro area",July 2020,Homes Sold YoY ,0.015820024
"Philadelphia, PA metro area",June 2020,Homes Sold YoY ,-0.412582981
"Philadelphia, PA metro area",May 2020,Homes Sold YoY ,-0.529820547
"Philadelphia, PA metro area",April 2020,Homes Sold YoY ,-0.318862600
"Philadelphia, PA metro area",March 2020,Homes Sold YoY ,-0.023692253
"Philadelphia, PA metro area",February 2020,Homes Sold YoY ,0.133034696
"Philadelphia, PA metro area",September 2022,Homes Sold MoM ,-0.046203844
"Philadelphia, PA metro area",August 2022,Homes Sold MoM ,-0.031602418
"Philadelphia, PA metro area",July 2022,Homes Sold MoM ,-0.020888628
"Philadelphia, PA metro area",June 2022,Homes Sold MoM ,-0.065944205
"Philadelphia, PA metro area",May 2022,Homes Sold MoM ,-0.024047069
"Philadelphia, PA metro area",April 2022,Homes Sold MoM ,-0.095268207
"Philadelphia, PA metro area",March 2022,Homes Sold MoM ,0.025767467
"Philadelphia, PA metro area",February 2022,Homes Sold MoM ,-0.072020751
"Philadelphia, PA metro area",January 2022,Homes Sold MoM ,0.104469576
"Philadelphia, PA metro area",December 2021,Homes Sold MoM ,-0.033173778
"Philadelphia, PA metro area",November 2021,Homes Sold MoM ,0.025636064
"Philadelphia, PA metro area",October 2021,Homes Sold MoM ,0.011317844
"Philadelphia, PA metro area",September 2021,Homes Sold MoM ,0.014650919
"Philadelphia, PA metro area",August 2021,Homes Sold MoM ,-0.022241489
"Philadelphia, PA metro area",July 2021,Homes Sold MoM ,-0.011363681
"Philadelphia, PA metro area",June 2021,Homes Sold MoM ,0.080520565
"Philadelphia, PA metro area",May 2021,Homes Sold MoM ,-0.023822583
"Philadelphia, PA metro area",April 2021,Homes Sold MoM ,-0.012180871
"Philadelphia, PA metro area",March 2021,Homes Sold MoM ,-0.014931175
"Philadelphia, PA metro area",February 2021,Homes Sold MoM ,-0.030099059
"Philadelphia, PA metro area",January 2021,Homes Sold MoM ,0.042237868
"Philadelphia, PA metro area",December 2020,Homes Sold MoM ,-0.030612330
"Philadelphia, PA metro area",November 2020,Homes Sold MoM ,-0.053745673
"Philadelphia, PA metro area",October 2020,Homes Sold MoM ,0.004374714
"Philadelphia, PA metro area",September 2020,Homes Sold MoM ,0.078463377
"Philadelphia, PA metro area",August 2020,Homes Sold MoM ,0.110116936
"Philadelphia, PA metro area",July 2020,Homes Sold MoM ,0.793936905
"Philadelphia, PA metro area",June 2020,Homes Sold MoM ,0.205906136
"Philadelphia, PA metro area",May 2020,Homes Sold MoM ,-0.289126281
"Philadelphia, PA metro area",April 2020,Homes Sold MoM ,-0.286764721
"Philadelphia, PA metro area",March 2020,Homes Sold MoM ,-0.098891202
"Philadelphia, PA metro area",February 2020,Homes Sold MoM ,0.051525835
"Philadelphia, PA metro area",September 2022,Homes Sold,1907.804859013
"Philadelphia, PA metro area",August 2022,Homes Sold,2000.222843721
"Philadelphia, PA metro area",July 2022,Homes Sold,2065.497560164
"Philadelphia, PA metro area",June 2022,Homes Sold,2109.563446630
"Philadelphia, PA metro area",May 2022,Homes Sold,2258.498323100
"Philadelphia, PA metro area",April 2022,Homes Sold,2314.146771161
"Philadelphia, PA metro area",March 2022,Homes Sold,2557.826297554
"Philadelphia, PA metro area",February 2022,Homes Sold,2493.573231454
"Philadelphia, PA metro area",January 2022,Homes Sold,2687.100205672
"Philadelphia, PA metro area",December 2021,Homes Sold,2432.932752916
"Philadelphia, PA metro area",November 2021,Homes Sold,2516.411634192
"Philadelphia, PA metro area",October 2021,Homes Sold,2453.513213152
"Philadelphia, PA metro area",September 2021,Homes Sold,2426.055496618
"Philadelphia, PA metro area",August 2021,Homes Sold,2391.024786551
"Philadelphia, PA metro area",July 2021,Homes Sold,2445.414445114
"Philadelphia, PA metro area",June 2021,Homes Sold,2473.522768206
"Philadelphia, PA metro area",May 2021,Homes Sold,2289.195456785
"Philadelphia, PA metro area",April 2021,Homes Sold,2345.060864536
"Philadelphia, PA metro area",March 2021,Homes Sold,2373.977982993
"Philadelphia, PA metro area",February 2021,Homes Sold,2409.961540562
"Philadelphia, PA metro area",January 2021,Homes Sold,2484.750183013
"Philadelphia, PA metro area",December 2020,Homes Sold,2384.052872226
"Philadelphia, PA metro area",November 2020,Homes Sold,2459.338967850
"Philadelphia, PA metro area",October 2020,Homes Sold,2599.025332509
"Philadelphia, PA metro area",September 2020,Homes Sold,2587.704864749
"Philadelphia, PA metro area",August 2020,Homes Sold,2399.436940287
"Philadelphia, PA metro area",July 2020,Homes Sold,2161.427200275
"Philadelphia, PA metro area",June 2020,Homes Sold,1204.851293446
"Philadelphia, PA metro area",May 2020,Homes Sold,999.125269551
"Philadelphia, PA metro area",April 2020,Homes Sold,1405.489108713
"Philadelphia, PA metro area",March 2020,Homes Sold,1970.582709742
"Philadelphia, PA metro area",February 2020,Homes Sold,2186.842158692
"Philadelphia, PA metro area",September 2022,Median Sale Price YoY ,0.003320694
"Philadelphia, PA metro area",August 2022,Median Sale Price YoY ,0.020778882
"Philadelphia, PA metro area",July 2022,Median Sale Price YoY ,0.020165208
"Philadelphia, PA metro area",June 2022,Median Sale Price YoY ,0.072631663
"Philadelphia, PA metro area",May 2022,Median Sale Price YoY ,0.072733708
"Philadelphia, PA metro area",April 2022,Median Sale Price YoY ,0.029636476
"Philadelphia, PA metro area",March 2022,Median Sale Price YoY ,0.035408766
"Philadelphia, PA metro area",February 2022,Median Sale Price YoY ,0.059127718
"Philadelphia, PA metro area",January 2022,Median Sale Price YoY ,0.061204035
"Philadelphia, PA metro area",December 2021,Median Sale Price YoY ,0.068655101
"Philadelphia, PA metro area",November 2021,Median Sale Price YoY ,0.078810268
"Philadelphia, PA metro area",October 2021,Median Sale Price YoY ,0.091200284
"Philadelphia, PA metro area",September 2021,Median Sale Price YoY ,0.073928776
"Philadelphia, PA metro area",August 2021,Median Sale Price YoY ,0.106270011
"Philadelphia, PA metro area",July 2021,Median Sale Price YoY ,0.119936032
"Philadelphia, PA metro area",June 2021,Median Sale Price YoY ,0.128479865
"Philadelphia, PA metro area",May 2021,Median Sale Price YoY ,0.143435004
"Philadelphia, PA metro area",April 2021,Median Sale Price YoY ,0.089393716
"Philadelphia, PA metro area",March 2021,Median Sale Price YoY ,0.089641674
"Philadelphia, PA metro area",February 2021,Median Sale Price YoY ,0.088449965
"Philadelphia, PA metro area",January 2021,Median Sale Price YoY ,0.120684737
"Philadelphia, PA metro area",December 2020,Median Sale Price YoY ,0.137925021
"Philadelphia, PA metro area",November 2020,Median Sale Price YoY ,0.128566591
"Philadelphia, PA metro area",October 2020,Median Sale Price YoY ,0.178759197
"Philadelphia, PA metro area",September 2020,Median Sale Price YoY ,0.204380785
"Philadelphia, PA metro area",August 2020,Median Sale Price YoY ,0.108871465
"Philadelphia, PA metro area",July 2020,Median Sale Price YoY ,0.107177716
"Philadelphia, PA metro area",June 2020,Median Sale Price YoY ,0.068959948
"Philadelphia, PA metro area",May 2020,Median Sale Price YoY ,0.089878316
"Philadelphia, PA metro area",April 2020,Median Sale Price YoY ,0.174434377
"Philadelphia, PA metro area",March 2020,Median Sale Price YoY ,0.166804240
"Philadelphia, PA metro area",February 2020,Median Sale Price YoY ,0.144276817
"Philadelphia, PA metro area",September 2022,Median Sale Price MoM ,-0.008463081
"Philadelphia, PA metro area",August 2022,Median Sale Price MoM ,0.002903086
"Philadelphia, PA metro area",July 2022,Median Sale Price MoM ,-0.027125595
"Philadelphia, PA metro area",June 2022,Median Sale Price MoM ,0.001338639
"Philadelphia, PA metro area",May 2022,Median Sale Price MoM ,0.034798378
"Philadelphia, PA metro area",April 2022,Median Sale Price MoM ,6.215861573e-05
"Philadelphia, PA metro area",March 2022,Median Sale Price MoM ,-0.002646384
"Philadelphia, PA metro area",February 2022,Median Sale Price MoM ,0.005589219
"Philadelphia, PA metro area",January 2022,Median Sale Price MoM ,-0.002188998
"Philadelphia, PA metro area",December 2021,Median Sale Price MoM ,-0.006238880
"Philadelphia, PA metro area",November 2021,Median Sale Price MoM ,-0.000410391
"Philadelphia, PA metro area",October 2021,Median Sale Price MoM ,0.006768522
"Philadelphia, PA metro area",September 2021,Median Sale Price MoM ,0.008790064
"Philadelphia, PA metro area",August 2021,Median Sale Price MoM ,0.002300159
"Philadelphia, PA metro area",July 2021,Median Sale Price MoM ,0.022908724
"Philadelphia, PA metro area",June 2021,Median Sale Price MoM ,0.001433901
"Philadelphia, PA metro area",May 2021,Median Sale Price MoM ,-0.006774796
"Philadelphia, PA metro area",April 2021,Median Sale Price MoM ,0.005668651
"Philadelphia, PA metro area",March 2021,Median Sale Price MoM ,0.020200807
"Philadelphia, PA metro area",February 2021,Median Sale Price MoM ,0.007560579
"Philadelphia, PA metro area",January 2021,Median Sale Price MoM ,0.004816965
"Philadelphia, PA metro area",December 2020,Median Sale Price MoM ,0.003204587
"Philadelphia, PA metro area",November 2020,Median Sale Price MoM ,0.011069786
"Philadelphia, PA metro area",October 2020,Median Sale Price MoM ,-0.009166601
"Philadelphia, PA metro area",September 2020,Median Sale Price MoM ,0.039169655
"Philadelphia, PA metro area",August 2020,Median Sale Price MoM ,0.014681816
"Philadelphia, PA metro area",July 2020,Median Sale Price MoM ,0.030712350
"Philadelphia, PA metro area",June 2020,Median Sale Price MoM ,0.014705367
"Philadelphia, PA metro area",May 2020,Median Sale Price MoM ,-0.053716834
"Philadelphia, PA metro area",April 2020,Median Sale Price MoM ,0.005897553
"Philadelphia, PA metro area",March 2020,Median Sale Price MoM ,0.019085044
"Philadelphia, PA metro area",February 2020,Median Sale Price MoM ,0.037399787
"Philadelphia, PA metro area",September 2022,Median Sale Price,267119.767598833
"Philadelphia, PA metro area",August 2022,Median Sale Price,269399.719255946
"Philadelphia, PA metro area",July 2022,Median Sale Price,268619.892514747
"Philadelphia, PA metro area",June 2022,Median Sale Price,276109.527605158
"Philadelphia, PA metro area",May 2022,Median Sale Price,275740.410737825
"Philadelphia, PA metro area",April 2022,Median Sale Price,266467.764724019
"Philadelphia, PA metro area",March 2022,Median Sale Price,266451.202486112
"Philadelphia, PA metro area",February 2022,Median Sale Price,267158.205746846
"Philadelphia, PA metro area",January 2022,Median Sale Price,265673.299418723
"Philadelphia, PA metro area",December 2021,Median Sale Price,266256.133487163
"Philadelphia, PA metro area",November 2021,Median Sale Price,267927.70221345
"Philadelphia, PA metro area",October 2021,Median Sale Price,268037.702343131
"Philadelphia, PA metro area",September 2021,Median Sale Price,266235.680331056
"Philadelphia, PA metro area",August 2021,Median Sale Price,263915.843123987
"Philadelphia, PA metro area",July 2021,Median Sale Price,263310.187742455
"Philadelphia, PA metro area",June 2021,Median Sale Price,257413.180197242
"Philadelphia, PA metro area",May 2021,Median Sale Price,257044.603688654
"Philadelphia, PA metro area",April 2021,Median Sale Price,258797.906770223
"Philadelphia, PA metro area",March 2021,Median Sale Price,257339.140947727
"Philadelphia, PA metro area",February 2021,Median Sale Price,252243.616234003
"Philadelphia, PA metro area",January 2021,Median Sale Price,250350.819046084
"Philadelphia, PA metro area",December 2020,Median Sale Price,249150.669080811
"Philadelphia, PA metro area",November 2020,Median Sale Price,248354.794416215
"Philadelphia, PA metro area",October 2020,Median Sale Price,245635.660343391
"Philadelphia, PA metro area",September 2020,Median Sale Price,247908.135325319
"Philadelphia, PA metro area",August 2020,Median Sale Price,238563.678326153
"Philadelphia, PA metro area",July 2020,Median Sale Price,235111.810098799
"Philadelphia, PA metro area",June 2020,Median Sale Price,228106.13470085
"Philadelphia, PA metro area",May 2020,Median Sale Price,224800.362770996
"Philadelphia, PA metro area",April 2020,Median Sale Price,237561.409590726
"Philadelphia, PA metro area",March 2020,Median Sale Price,236168.592900726
"Philadelphia, PA metro area",February 2020,Median Sale Price,231745.715705823
